Run,PSO Fitness,GA Fitness,PSO Time,GA Time,Total Time,PSO Coordinates,GA Refined Coordinates
1,1000000.0,84.02130469922187,119.32517409324646,1111.9048953056335,1231.23006939888,"[(np.float64(35.23515028745212), np.float64(-120.79504268255879)), (np.float64(39.20992794132461), np.float64(-121.85257495692763)), (np.float64(40.13727527126118), np.float64(-115.07773653523518)), (np.float64(32.91939957886653), np.float64(-119.44788636716619)), (np.float64(37.707441454603014), np.float64(-116.45450899572735)), (np.float64(36.98423156226617), np.float64(-121.09091988283379)), (np.float64(34.22547430866626), np.float64(-122.72159700467796)), (np.float64(35.463760000693966), np.float64(-116.95899315289601)), (np.float64(40.5337427086968), np.float64(-117.99198517218001)), (np.float64(37.004233492161326), np.float64(-119.47906144205422))]","[(34.44617546070833, -117.37723565178285), (39.92772373995055, -122.02704870232691), (37.675855483348144, -121.94034381589026), (35.87573268804627, -117.1556218293772), (35.00403043313111, -120.5794624277526), (34.6499628086711, -118.58711574538013), (35.408830571241154, -117.5177868697772), (37.06309401446985, -121.03758872863932), (34.856828944252854, -117.79464995619979), (39.13527218706696, -123.37189993653548)]"
