runs,Best fitness(PSO),Best Fitness(GA),Time(s)(PSO),Time(GA),Coordinates
1,-1000000.0,245.75027177958412,215.7740421295166,1161.1815378665924,"PSO: [(np.float64(36.55649330447211), np.float64(-121.31420880622865)), (np.float64(38.9208260660926), np.float64(-123.45502720290563)), (np.float64(38.43353873726405), np.float64(-121.41717098856402)), (np.float64(38.09736963753246), np.float64(-116.18515289316213)), (np.float64(34.478502267009404), np.float64(-120.5708094810377)), (np.float64(36.40649031436769), np.float64(-119.8743628292834)), (np.float64(40.415218289198684), np.float64(-115.43720611638165)), (np.float64(39.792121109898915), np.float64(-119.7210001812557)), (np.float64(41.032733282600226), np.float64(-120.33010743936896)), (np.float64(37.242027209306144), np.float64(-119.38200069963786))]; GA: [(35.35526457777434, -117.45460148234392), (41.71971037911634, -120.16040334026299), (37.31579740521522, -118.21946699996495), (37.317958753311714, -118.37093123403183), (41.48715047363922, -121.17080850822933), (41.1650668649946, -121.15323230965087), (40.313000807491925, -121.31225529031991), (33.531129431532875, -117.44135530021481), (41.7871490305732, -121.5295946909853), (41.99799399347336, -122.2534697346235)]"
